trace,policy,frames,history_bits,aging_interval,accesses,page_faults
sixpack,fifo,4,,,1000000,351810
sixpack,fifo,8,,,1000000,230168
sixpack,fifo,12,,,1000000,173204
sixpack,fifo,16,,,1000000,140083
sixpack,fifo,20,,,1000000,118217
sixpack,fifo,24,,,1000000,103563
sixpack,fifo,28,,,1000000,92967
sixpack,fifo,32,,,1000000,85283
sixpack,fifo,36,,,1000000,79174
sixpack,fifo,40,,,1000000,74046
sixpack,fifo,44,,,1000000,69849
sixpack,fifo,48,,,1000000,66301
sixpack,fifo,52,,,1000000,62365
sixpack,fifo,56,,,1000000,57096
sixpack,fifo,60,,,1000000,51482
sixpack,fifo,64,,,1000000,48301
sixpack,opt,4,,,1000000,197551
sixpack,opt,8,,,1000000,116407
sixpack,opt,12,,,1000000,85779
sixpack,opt,16,,,1000000,69325
sixpack,opt,20,,,1000000,58809
sixpack,opt,24,,,1000000,51576
sixpack,opt,28,,,1000000,46203
sixpack,opt,32,,,1000000,41955
sixpack,opt,36,,,1000000,38282
sixpack,opt,40,,,1000000,34955
sixpack,opt,44,,,1000000,31896
sixpack,opt,48,,,1000000,29219
sixpack,opt,52,,,1000000,26964
sixpack,opt,56,,,1000000,25088
sixpack,opt,60,,,1000000,23483
sixpack,opt,64,,,1000000,22083
sixpack,lru-approx,4,8,100,1000000,293009
sixpack,lru-approx,8,8,100,1000000,220573
sixpack,lru-approx,12,8,100,1000000,184327
sixpack,lru-approx,16,8,100,1000000,161970
sixpack,lru-approx,20,8,100,1000000,146502
sixpack,lru-approx,24,8,100,1000000,133465
sixpack,lru-approx,28,8,100,1000000,120965
sixpack,lru-approx,32,8,100,1000000,108599
sixpack,lru-approx,36,8,100,1000000,98155
sixpack,lru-approx,40,8,100,1000000,88814
sixpack,lru-approx,44,8,100,1000000,80125
sixpack,lru-approx,48,8,100,1000000,73371
sixpack,lru-approx,52,8,100,1000000,66637
sixpack,lru-approx,56,8,100,1000000,60345
sixpack,lru-approx,60,8,100,1000000,54628
sixpack,lru-approx,64,8,100,1000000,49936
sixpack,lru-approx,4,8,1000,1000000,490183
sixpack,lru-approx,8,8,1000,1000000,311708
sixpack,lru-approx,12,8,1000,1000000,238354
sixpack,lru-approx,16,8,1000,1000000,201671
sixpack,lru-approx,20,8,1000,1000000,181667
sixpack,lru-approx,24,8,1000,1000000,167014
sixpack,lru-approx,28,8,1000,1000000,157446
sixpack,lru-approx,32,8,1000,1000000,150191
sixpack,lru-approx,36,8,1000,1000000,143702
sixpack,lru-approx,40,8,1000,1000000,137036
sixpack,lru-approx,44,8,1000,1000000,131890
sixpack,lru-approx,48,8,1000,1000000,125142
sixpack,lru-approx,52,8,1000,1000000,120696
sixpack,lru-approx,56,8,1000,1000000,115019
sixpack,lru-approx,60,8,1000,1000000,111003
sixpack,lru-approx,64,8,1000,1000000,105373
sixpack,lru-approx,4,8,10000,1000000,424231
sixpack,lru-approx,8,8,10000,1000000,350469
sixpack,lru-approx,12,8,10000,1000000,309547
sixpack,lru-approx,16,8,10000,1000000,280497
sixpack,lru-approx,20,8,10000,1000000,259660
sixpack,lru-approx,24,8,10000,1000000,246702
sixpack,lru-approx,28,8,10000,1000000,230972
sixpack,lru-approx,32,8,10000,1000000,219997
sixpack,lru-approx,36,8,10000,1000000,203943
sixpack,lru-approx,40,8,10000,1000000,196487
sixpack,lru-approx,44,8,10000,1000000,185434
sixpack,lru-approx,48,8,10000,1000000,176294
sixpack,lru-approx,52,8,10000,1000000,176790
sixpack,lru-approx,56,8,10000,1000000,161715
sixpack,lru-approx,60,8,10000,1000000,167272
sixpack,lru-approx,64,8,10000,1000000,155166
sixpack,lru-approx,4,4,1000,1000000,487907
sixpack,lru-approx,8,4,1000,1000000,307518
sixpack,lru-approx,12,4,1000,1000000,239202
sixpack,lru-approx,16,4,1000,1000000,202356
sixpack,lru-approx,20,4,1000,1000000,178887
sixpack,lru-approx,24,4,1000,1000000,164849
sixpack,lru-approx,28,4,1000,1000000,152338
sixpack,lru-approx,32,4,1000,1000000,140904
sixpack,lru-approx,36,4,1000,1000000,132203
sixpack,lru-approx,40,4,1000,1000000,122319
sixpack,lru-approx,44,4,1000,1000000,112399
sixpack,lru-approx,48,4,1000,1000000,103845
sixpack,lru-approx,52,4,1000,1000000,95340
sixpack,lru-approx,56,4,1000,1000000,86886
sixpack,lru-approx,60,4,1000,1000000,78558
sixpack,lru-approx,64,4,1000,1000000,72730
sixpack,lru-approx,4,16,1000,1000000,502319
sixpack,lru-approx,8,16,1000,1000000,297282
sixpack,lru-approx,12,16,1000,1000000,237908
sixpack,lru-approx,16,16,1000,1000000,203471
sixpack,lru-approx,20,16,1000,1000000,184168
sixpack,lru-approx,24,16,1000,1000000,169194
sixpack,lru-approx,28,16,1000,1000000,160708
sixpack,lru-approx,32,16,1000,1000000,153011
sixpack,lru-approx,36,16,1000,1000000,147182
sixpack,lru-approx,40,16,1000,1000000,141781
sixpack,lru-approx,44,16,1000,1000000,136299
sixpack,lru-approx,48,16,1000,1000000,130582
sixpack,lru-approx,52,16,1000,1000000,126697
sixpack,lru-approx,56,16,1000,1000000,121931
sixpack,lru-approx,60,16,1000,1000000,117896
sixpack,lru-approx,64,16,1000,1000000,114234
